Date,SHY US Equity,PCE CYOY Index,CFNAI Index,fedfunds
2011-01-31,84.09,1.12345,0.02,0.17
2011-02-28,83.92,1.2119,-0.38,0.16
2011-03-31,83.75,1.21457,0.41,0.14
2011-04-30,84.13,1.3947,-0.48,0.1
2011-05-31,84.37,1.52357,-0.34,0.09
2011-06-30,84.3,1.58633,0.01,0.09
2011-07-31,84.48,1.73445,0.17,0.07
2011-08-31,84.71,1.83963,0.01,0.1
2011-09-30,84.57,1.85082,-0.27,0.08
2011-10-31,84.55,1.74472,0.16,0.07
2011-11-30,84.54,1.82786,-0.35,0.08
2011-12-31,84.5,1.97496,0.27,0.07
2012-01-31,84.57,2.06148,0.36,0.08
2012-02-29,84.42,2.02585,-0.01,0.1
2012-03-31,84.32,2.04485,-0.39,0.13
2012-04-30,84.46,1.96534,0.06,0.14
2012-05-31,84.48,1.82674,-0.17,0.16
2012-06-30,84.37,1.81925,-0.33,0.16
2012-07-31,84.53,1.77387,-0.28,0.16
2012-08-31,84.51,1.63592,-0.45,0.13
2012-09-30,84.5,1.69161,-0.11,0.14
2012-10-31,84.42,1.88945,-0.26,0.16
2012-11-30,84.44,1.78307,0.28,0.16
2012-12-31,84.42,1.68987,0.14,0.16
2013-01-31,84.43,1.59159,-0.33,0.14
2013-02-28,84.46,1.56013,0.23,0.15
2013-03-31,84.47,1.48074,-0.26,0.14
2013-04-30,84.51,1.37706,-0.29,0.15
2013-05-31,84.38,1.39292,0.14,0.11
2013-06-30,84.28,1.46365,-0.14,0.09
2013-07-31,84.4,1.48796,-0.52,0.09
2013-08-31,84.3,1.53325,0.3,0.08
2013-09-30,84.47,1.52922,0.09,0.08
2013-10-31,84.51,1.45482,0.01,0.09
2013-11-30,84.57,1.51426,0.3,0.08
2013-12-31,84.38,1.54736,-0.15,0.09
2014-01-31,84.55,1.45246,-0.7,0.07
2014-02-28,84.56,1.39012,0.44,0.07
2014-03-31,84.45,1.44742,0.48,0.08
2014-04-30,84.52,1.57127,0.05,0.09
2014-05-31,84.65,1.62366,0.11,0.09
2014-06-30,84.56,1.56354,0.14,0.1
2014-07-31,84.47,1.61032,0.3,0.09
2014-08-31,84.6,1.53975,-0.23,0.09
2014-09-30,84.51,1.55485,0.01,0.09
2014-10-31,84.7,1.47091,0.03,0.09
2014-11-30,84.76,1.39258,0.27,0.09
2014-12-31,84.45,1.35635,0.06,0.12
2015-01-31,84.98,1.2097,-0.26,0.11
2015-02-28,84.7,1.27748,-0.48,0.11
2015-03-31,84.88,1.28084,0.01,0.11
2015-04-30,84.87,1.29437,-0.01,0.12
2015-05-31,84.87,1.2472,-0.34,0.12
2015-06-30,84.86,1.25416,-0.14,0.13
2015-07-31,84.86,1.17895,0.35,0.13
2015-08-31,84.78,1.22125,-0.28,0.14
2015-09-30,84.99,1.23212,-0.12,0.14
2015-10-31,84.83,1.17798,-0.26,0.12
2015-11-30,84.57,1.1967,-0.36,0.12
2015-12-31,84.36,1.1917,-0.3,0.24
2016-01-31,84.91,1.40624,0.09,0.34
2016-02-29,84.96,1.46589,-0.23,0.38
2016-03-31,85.03,1.45745,-0.34,0.36
2016-04-30,85.01,1.51994,-0.1,0.37
2016-05-31,84.86,1.56873,-0.35,0.37
2016-06-30,85.32,1.5524,0.12,0.38
2016-07-31,85.23,1.59933,0.05,0.39
2016-08-31,84.98,1.69696,-0.21,0.4
2016-09-30,85.04,1.68526,-0.09,0.4
2016-10-31,84.95,1.78241,-0.07,0.4
2016-11-30,84.5,1.71886,-0.22,0.41
2016-12-31,84.45,1.77009,0.38,0.54
2017-01-31,84.54,1.86334,-0.12,0.65
2017-02-28,84.52,1.86727,-0.09,0.66
2017-03-31,84.52,1.67865,0.02,0.79
2017-04-30,84.62,1.63682,0.34,0.9
2017-05-31,84.62,1.54553,0.02,0.91
2017-06-30,84.49,1.57644,0.16,1.04
2017-07-31,84.58,1.50311,-0.17,1.15
2017-08-31,84.68,1.43359,0.01,1.16
2017-09-30,84.45,1.42259,0.18,1.15
2017-10-31,84.3,1.54101,0.54,1.15
2017-11-30,84.04,1.54538,0.23,1.16
2017-12-31,83.85,1.57687,0.2,1.3
2018-01-31,83.61,1.63204,-0.23,1.41
2018-02-28,83.44,1.64422,0.47,1.42
2018-03-31,83.56,1.90918,0.1,1.51
2018-04-30,83.27,1.88422,0.39,1.69
2018-05-31,83.46,1.9809,-0.15,1.7
2018-06-30,83.37,1.93623,0.21,1.82
2018-07-31,83.19,1.9958,0.05,1.91
2018-08-31,83.34,1.89577,0.3,1.91
2018-09-30,83.09,1.9603,0.01,1.95
2018-10-31,83.08,1.8709,-0.21,2.19
2018-11-30,83.25,2.01024,0.01,2.2
2018-12-31,83.62,2.03808,-0.13,2.27
2019-01-31,83.83,1.84443,-0.36,2.4
2019-02-28,83.75,1.74411,-0.41,2.4
2019-03-31,84.12,1.61607,-0.1,2.41
2019-04-30,84.11,1.63678,-0.51,2.42
2019-05-31,84.56,1.56318,0.02,2.39
2019-06-30,84.78,1.65698,0.03,2.38
2019-07-31,84.57,1.63912,-0.37,2.4
2019-08-31,85.08,1.7458,0.17,2.13
2019-09-30,84.82,1.63201,-0.43,2.04
2019-10-31,84.95,1.62359,-0.78,1.83
2019-11-30,84.77,1.49772,0.2,1.55
2019-12-31,84.63,1.54475,-0.35,1.55
2020-01-31,85.12,1.59133,-0.25,1.55
2020-02-29,85.73,1.6977,0.07,1.58
2020-03-31,86.67,1.5273,-4.36,0.65
2020-04-30,86.8,0.9955,-18.22,0.05
2020-05-31,86.66,0.99738,4.74,0.05
2020-06-30,86.61,0.97046,6.29,0.08
2020-07-31,86.63,1.21433,2.63,0.09
2020-08-31,86.56,1.3931,1.25,0.1
2020-09-30,86.51,1.47969,0.49,0.09
2020-10-31,86.43,1.42174,1.01,0.09
2020-11-30,86.41,1.45352,0.28,0.09
2020-12-31,86.38,1.5088,0.68,0.09
2021-01-31,86.4,1.69749,0.88,0.09
2021-02-28,86.32,1.70947,-1.84,0.08
2021-03-31,86.25,2.19913,2.37,0.07
2021-04-30,86.28,3.1306,0.12,0.07
2021-05-31,86.32,3.54112,0.22,0.06
2021-06-30,86.16,3.86171,0.3,0.08
2021-07-31,86.285,3.92712,0.75,0.1
2021-08-31,86.25,3.95846,-0.05,0.09
2021-09-30,86.15,4.01385,-0.13,0.08
2021-10-31,85.85,4.43667,0.93,0.08
2021-11-30,85.79,4.89086,0.63,0.08
2021-12-31,85.54,5.21455,0.16,0.08
2022-01-31,84.95,5.35844,-0.01,0.08
2022-02-28,84.56,5.60277,0.43,0.08
2022-03-31,83.35,5.59322,0.39,0.2
2022-04-30,82.9,5.34502,0.01,0.33
2022-05-31,83.35,5.18414,-0.42,0.77
2022-06-30,82.79,5.31569,-0.26,1.21
2022-07-31,83.05,5.10737,0.2,1.68
2022-08-31,82.29,5.36245,0.03,2.33
2022-09-30,81.21,5.60648,0.0,2.56
2022-10-31,81.0,5.45976,0.03,3.08
2022-11-30,81.42,5.20809,-0.59,3.78
2022-12-31,81.17,4.96689,-0.47,4.1
2023-01-31,81.8,4.93766,0.58,4.33
2023-02-28,80.99,4.8556,-0.4,4.57
2023-03-31,82.16,4.78329,-0.41,4.65
2023-04-30,82.18,4.78964,0.04,4.83
2023-05-31,81.68,4.73162,-0.2,5.06
2023-06-30,81.08,4.38379,-0.41,5.08
2023-07-31,81.12,4.29913,0.11,5.12
2023-08-31,81.24,3.82821,-0.19,5.33
2023-09-30,80.97,3.68777,-0.04,5.33
2023-10-31,81.03,3.47406,-0.51,5.33
2023-11-30,81.65,3.29074,0.15,5.33
2023-12-31,82.04,3.11239,-0.1,5.33
2024-01-31,82.3,3.15902,-0.99,5.33
2024-02-29,81.74,3.05947,0.28,5.33
2024-03-31,81.78,3.12217,-0.13,5.33
2024-04-30,81.15,3.00672,-0.33,5.33
2024-05-31,81.47,2.77118,0.19,5.33
2024-06-30,81.65,2.75316,-0.23,5.33
2024-07-31,82.34,2.80622,-0.38,5.33
2024-08-31,82.8,2.87328,-0.07,5.33
2024-09-30,83.15,2.83863,-0.25,5.13
2024-10-31,82.36,2.98651,-0.54,4.83
2024-11-30,82.32,2.98071,0.0,4.64
2024-12-31,81.98,2.98859,0.36,4.48
2025-01-31,82.29,2.78013,-0.43,4.33
2025-02-28,82.62,2.96864,0.42,4.33
2025-03-31,82.73,2.67029,0.17,4.33
2025-04-30,83.12,2.61479,-0.35,4.33
2025-05-31,82.65,2.78388,-0.27,4.33
2025-06-30,82.86,2.80737,-0.11,4.33
2025-07-31,82.52,2.86304,-0.12,4.33
2025-08-31,82.98,2.91242,-0.31,4.33
2025-09-30,82.96,2.82507,-0.21,4.22
